Cite Key,Title,Authors,Year,Publication Date,Journal,Volume,Pages,Abstract,Citation Count,Citations/Year,DOI,URL,Relevance Score
Tat04b,Control under communication constraints,S. Tatikonda and S. Mitter,2004,2004-07-12,IEEE Transactions on Automatic Control,49,1056-1068,,1745,80,10.1109/TAC.2004.831187,https://doi.org/10.1109/TAC.2004.831187,2.2000
Sah06,The Necessity and Sufficiency of Anytime Capacity for Stabilization of a Linear System Over a Noisy Communication Link—Part I: Scalar Systems,Anant Sahai and S. Mitter,2006,2006-01-04,IEEE Transactions on Information Theory,52,3369-3395,"In this paper, we review how Shannon's classical notion of capacity is not enough to characterize a noisy communication channel if the channel is intended to be used as part of a feedback loop to stabilize an unstable scalar linear system. While classical capacity is not enough, another sense of capacity (parametrized by reliability) called ""anytime capacity"" is necessary for the stabilization of an unstable process. The required rate is given by the log of the unstable system gain and the required reliability comes from the sense of stability desired. A consequence of this necessity result is a sequential generalization of the Schalkwijk-Kailath scheme for communication over the additive white Gaussian noise (AWGN) channel with feedback. In cases of sufficiently rich information patterns between the encoder and decoder, adequate anytime capacity is also shown to be sufficient for there to exist a stabilizing controller. These sufficiency results are then generalized to cases with noisy observations, delayed control actions, and without any explicit feedback between the observer and the controller. Both necessary and sufficient conditions are extended to continuous time systems as well. We close with comments discussing a hierarchy of difficulty for communication problems and how these results establish where stabilization problems sit in that hierarchy",432,21,10.1109/TIT.2006.878169,https://doi.org/10.1109/TIT.2006.878169,2.0000
Nai04,Stabilizability of Stochastic Linear Systems with Finite Feedback Data Rates,G. Nair and R. Evans,2004,2004-02-01,SIAM J. Control. Optim.,43,413-436,"Feedback control with limited data rates is an emerging area which incorporates ideas from both control and information theory. A fundamental question it poses is how low the closed-loop data rate can be made before a given dynamical system is impossible to stabilize by any coding and control law. Analogously to source coding, this defines the smallest error-free data rate sufficient to achieve ""reliable"" control, and explicit expressions for it have been derived for linear time-invariant systems without disturbances. In this paper, the more general case of finite-dimensional linear systems with process and observation noise is considered, the object being mean square state stability. By inductive arguments employing the entropy power inequality of information theory, and a new quantizer error bound, an explicit expression for the infimum stabilizing data rate is derived, under very mild conditions on the initial state and noise probability distributions.",753,34,10.1137/S0363012902402116,https://doi.org/10.1137/S0363012902402116,1.7000
Won99,Systems with finite communication bandwidth constraints. II. Stabilization with limited information feedback,W. Wong and R. Brockett,1999,1999-05-01,IEEE Trans. Autom. Control.,44,1049-1053,"For part I, see ibid., vol.42, p.1294-8, 1997. In this paper a new class of feedback control problems is introduced. Unlike classical models, the systems considered here have communication channel constraints. As a result, the issue of coding and communication protocol becomes an integral part of the analysis. Since these systems cannot be asymptotically stabilized if the underlying dynamics are unstable, a weaker stability concept called containability is introduced. A key result connects containability with an inequality equation involving the communication data rate and the rate of change of the state.",930,34,10.1109/9.763226,https://doi.org/10.1109/9.763226,1.6000
Min09,Data Rate Theorem for Stabilization Over Time-Varying Feedback Channels,"Paolo Minero, M. Franceschetti, S. Dey, and G. Nair",2009,2009-02-10,IEEE Transactions on Automatic Control,54,243-255,,224,13,10.1109/TAC.2008.2010887,https://doi.org/10.1109/TAC.2008.2010887,1.5000
Yuk12,Characterization of Information Channels for Asymptotic Mean Stationarity and Stochastic Stability of Nonstationary/Unstable Linear Systems,S. Yüksel,2012,2012-01-25,IEEE Transactions on Information Theory,58,6332-6354,"Stabilization of nonstationary linear systems over noisy communication channels is considered. Stochastically stable sources, and unstable but noise-free or bounded-noise systems have been extensively studied in the information theory and control theory literature since the 1970s, with a renewed interest in the past decade. There have also been studies on noncausal and causal coding of unstable/nonstationary linear Gaussian sources. In this paper, tight necessary and sufficient conditions for stochastic stabilizability of unstable (nonstationary) possibly multidimensional linear systems driven by Gaussian noise over discrete channels (possibly with memory and feedback) are presented. Stochastic stability notions include recurrence, asymptotic mean stationarity and sample path ergodicity, and the existence of finite second moments. Our constructive proof uses random-time state-dependent stochastic drift criteria for stabilization of Markov chains. For asymptotic mean stationarity (and thus sample path ergodicity), it is sufficient that the capacity of a channel is (strictly) greater than the sum of the logarithms of the unstable pole magnitudes for memoryless channels and a class of channels with memory. This condition is also necessary under a mild technical condition. Sufficient conditions for the existence of finite average second moments for such systems driven by unbounded noise are provided.",37,2.6,10.1109/TIT.2012.2204033,https://doi.org/10.1109/TIT.2012.2204033,1.4500
Zam66,On the input-output stability of time-varying nonlinear feedback systems--Part II: Conditions involving circles in the frequency plane and sector nonlinearities,G. Zames,1966,1966-07-01,IEEE Transactions on Automatic Control,11,465-476,"The object of this paper is to outline a stability theory based on functional methods. Part I of the paper was devoted to a general feedback configuration. Part II is devoted to a feedback system consisting of two elements, one of which is linear time-invariant, and the other nonlinear. An attempt is made to unify several stability conditions, including Popov's condition, into a single principle. This principle is based on the concepts of conicity and positivity, and provides a link with the notions of gain and phase shift of the linear theory. Part II draws on the (generalized) notion of a ""sector non-linearity."" A nonlinearity N is said to be INSIDE THE SECTOR {\alpha,\beta} if it satisfies an inequality of the type \langle(Nx-\alphax)_{t}, (Nx-\betax)_{t}\rangle\leq0 . If N is memoryless and is characterized by a graph in the plane, then this simply means that the graph lies inside a sector of the plane. However, the preceding definition extends the concept to include nonlinearities with memory. There are two main results. The first result, the CIRCLE THEOREM, asserts in part that: If the nonlinearity is inside a sector {\alpha, \beta} , and if the frequency response of the linear element avoids a ""critical region"" in the complex plane, then the closed loop is bounded; if \alpha > 0 then the critical region is a disk whose center is halfway between the points -1/\alpha and -1/\beta , and whose diameter is greater than the distance between these points. The second result is a method for taking into account the detailed properties of the nonlinearity to get improved stability conditions. This method involves the removal of a ""multiplier"" from the linear element. The frequency response of the linear element is modified by the removal, and, in effect, the size of the critical region is reduced. Several conditions, including Popov's condition, are derived by this method, under various restrictions on the nonlinearity N ; the following cases are treated: (i) N is instantaneously inside a sector {\alpha, \beta} . (ii) N satisfies (i) and is memoryless and time-invariant. (iii) N satisfies (ii) and has a restricted slope.",625,10,10.1109/TAC.1966.1098356,https://doi.org/10.1109/TAC.1966.1098356,1.4400
Mar08,Feedback Control in the Presence of Noisy Channels: “Bode-Like” Fundamental Limitations of Performance,N. C. Martins and M. Dahleh,2008,2008-09-09,IEEE Transactions on Automatic Control,53,1604-1615,,273,15,10.1109/TAC.2008.929361,https://doi.org/10.1109/TAC.2008.929361,1.4000
Bro00,Quantized feedback stabilization of linear systems,R. Brockett and D. Liberzon,2000,2000-07-01,IEEE Trans. Autom. Control.,45,1279-1289,"This paper addresses feedback stabilization problems for linear time-invariant control systems with saturating quantized measurements. We propose a new control design methodology, which relies on the possibility of changing the sensitivity of the quantizer while the system evolves. The equation that describes the evolution of the sensitivity with time (discrete rather than continuous in most cases) is interconnected with the given system (either continuous or discrete), resulting in a hybrid system. When applied to systems that are stabilizable by linear time-invariant feedback, this approach yields global asymptotic stability.",1678,65,10.1109/9.867021,https://doi.org/10.1109/9.867021,1.3500
Eli01,Stabilization of linear systems with limited information,N. Elia and S. Mitter,2001,2001-09-01,IEEE Trans. Autom. Control.,46,1384-1400,"We show that the coarsest, or least dense, quantizer that quadratically stabilizes a single input linear discrete time invariant system is logarithmic, and can be computed by solving a special linear quadratic regulator problem. We provide a closed form for the optimal logarithmic base exclusively in terms of the unstable eigenvalues of the system. We show how to design quantized state-feedback controllers, and quantized state estimators. This leads to the design of hybrid output feedback controllers. The theory is then extended to sampling and quantization of continuous time linear systems sampled at constant time intervals. We generalize the definition of density of quantization to the density of sampling and quantization in a natural way, and search for the coarsest sampling and quantization scheme that ensures stability. Finally, by relaxing the definition of quadratic stability, we show how to construct logarithmic quantizers with only finite number of quantization levels and still achieve practical stability of the closed-loop system.",1817,74,10.1109/9.948466,https://doi.org/10.1109/9.948466,1.3000
Nai00,Stabilization with data-rate-limited feedback: tightest attainable bounds,G. Nair and R. Evans,2000,2000-09-15,Systems & Control Letters,41,49-56,,327,13,10.1016/S0167-6911(00)00037-2,https://doi.org/10.1016/S0167-6911(00)00037-2,1.2800
Wid84,On the statistical efficiency of the LMS algorithm with nonstationary inputs,B. Widrow and E. Walach,1984,1984-05-22,IEEE Trans. Inf. Theory,30,211-221,"A fundamental relationship exists between the quality of an adaptive solution and the amount of data used in obtaining it. Quality is defined here in terms of ""misadjustment,"" the ratio of the excess mean square error (mse) in an adaptive solution to the minimum possible mse. The higher the misadjustment, the lower the quality is. The quality of the exact least squares solution is compared with the quality of the solutions obtained by the orthogonalized and the conventional least mean square (LMS) algorithms with stationary and nonstationary input data. When adapting with noisy observations, a filter trained with a finite data sample using an exact least squares algorithms will have a misadjustment given by M=\frac{n}{N}=\frac{number of weights}{number of training samples} If the same adaptive filter were trained with a steady flow of data using an ideal ""orthogonalized LMS"" algorithm, the misadjustment would be M=\frac{n}{4\tau_{\mse}}=\frac{number of weights}{number of training samples} Thus, for a given time constant \tau_{\mse} of the learning process, the ideal orthogonalized LMS algorithm will have about as low a misadjustment as can be achieved, since this algorithm performs essentially as an exact least squares algorithm with exponential data weighting. It is well known that when rapid convergence with stationary data is required, exact least squares algorithms can in certain cases outperform the conventional Widrow-Hoff LMS algorithm. It is shown here, however, that for an important class of nonstationary problems, the misadjustment of conventional LMS is the same as that of orthogonalized LMS, which in the stationary case is shown to perform essentially as an exact least squares algorithm.",177,4.2,10.1109/TIT.1984.1056892,https://doi.org/10.1109/TIT.1984.1056892,1.2500
Sah06b,"The necessity and sufficiency of anytime capacity for stabilization of a linear system over a noisy communication link, Part II: vector systems",Anant Sahai and S. Mitter,2006,2006-01-04,arXiv: Information Theory,,,"In part I, we reviewed how Shannon's classical notion of capacity is not sufficient to characterize a noisy communication channel if the channel is intended to be used as part of a feedback loop to stabilize an unstable scalar linear system. While classical capacity is not enough, a sense of capacity (parametrized by reliability) called ""anytime capacity"" is both necessary and sufficient for channel evaluation in this context. The rate required is the log of the open-loop system gain and the required reliability comes from the desired sense of stability. Sufficiency is maintained even in cases with noisy observations and without any explicit feedback between the observer and the controller. This established the asymptotic equivalence between scalar stabilization problems and delay-universal communication problems with feedback. 
Here in part II, the vector-state generalizations are established and it is the magnitudes of the unstable eigenvalues that play an essential role. To deal with such systems, the concept of the anytime rate-region is introduced. This is the region of rates that the channel can support while still meeting potentially different anytime reliability targets for parallel message streams. All the scalar results generalize on an eigenvalue by eigenvalue basis. When there is no explicit feedback of the noisy channel outputs, the intrinsic delay of the unstable system tells us what the feedback delay needs to be while evaluating the anytime-rate-region for the channel. An example involving a binary erasure channel is used to illustrate how differentiated service is required in any separation-based control architecture.",34,1.7,,https://www.semanticscholar.org/paper/30bacce26f417f7ae9dde9ce6196870496f30f12,1.2200
Sar15b,Input-to-state stability of Lur’e systems,E. Sarkans and H. Logemann,2015,2015-07-18,"Mathematics of Control, Signals, and Systems",27,439-465,"An input-to-state stability theory, which subsumes results of circle criterion type, is developed in the context of continuous-time Lur’e systems. The approach developed is inspired by the complexified Aizerman conjecture.",42,3.9,10.1007/S00498-015-0147-0,https://doi.org/10.1007/S00498-015-0147-0,1.2000
Eli04,When bode meets shannon: control-oriented feedback communication schemes,N. Elia,2004,2004-09-13,IEEE Transactions on Automatic Control,49,1477-1488,,391,18,10.1109/TAC.2004.834119,https://doi.org/10.1109/TAC.2004.834119,1.2000
Wid76,Stationary and nonstationary learning characteristics of the LMS adaptive filter,"B. Widrow, J. Mccool, M. Larimore, and C. Johnson",1976,1976-08-01,Proceedings of the IEEE,64,1151-1162,,1464,29,10.1007/978-94-010-1223-2_23,https://doi.org/10.1007/978-94-010-1223-2_23,1.1500
Fra15c,Passification based synchronization of nonlinear systems under communication constraints and bounded disturbances,"Alexander L. Fradkov, B. Andrievsky, and M. Ananyevskiy",2015,2015-05-01,Autom.,55,287-293,"In brief the synchronization problem for nonlinear systems under communication constraints and bounded exogenous disturbances is analyzed. The main contribution is in the evaluation of the synchronization error as a function of transmission rate and the upper bounds of the disturbances. Relevance of passifiability condition for controlled synchronization of master-slave nonlinear systems for first order coder/decoder pair is demonstrated. Experimental results obtained at three-computer setup, illustrating the theory are presented.",38,3.4,10.1016/j.automatica.2015.03.012,https://doi.org/10.1016/j.automatica.2015.03.012,1.1500
Lib03,On stabilization of linear systems with limited information,D. Liberzon,2003,2003-04-01,IEEE Trans. Autom. Control.,48,304-307,"We consider the problem of stabilizing a linear time-invariant system using sampled encoded measurements of its state or output. We derive a relationship between the number of values taken by the encoder and the norm of the transition matrix of the open-loop system over one sampling period, which guarantees that global asymptotic stabilization can be achieved. A coding scheme and a stabilizing control strategy are described explicitly.",183,7.9,10.1109/TAC.2002.808487,https://doi.org/10.1109/TAC.2002.808487,1.1500
Sil14,A Characterization of the Minimal Average Data Rate That Guarantees a Given Closed-Loop Performance Level,"Eduardo I. Silva, M. Derpich, Jan Østergaard, and Marco A. Encina",2014,2014-07-01,IEEE Transactions on Automatic Control,61,2171-2186,"This paper studies networked control systems closed over noiseless digital channels. We focus on noisy linear time-invariant (LTI) plants with stationary Gaussian disturbances, Gaussian initial state, scalar-valued control inputs and sensor outputs. For this set-up, we show that the absolute minimal directed information rate that allows one to achieve a prescribed level of performance (not necessarily stationary), over all combinations of encoder-controller-decoder, is achieved when the decoder output is jointly Gaussian with the other signals in the system. This directed information rate lower bounds the achievable operational data rates. When restricting our attention to encoder-controller-decoders which make the random processes in the loop (strongly) asymptotically wide-sense stationary, this bound can be expressed in terms of their asymptotic power spectral densities. Then we show that the directed information rate and stationary performance of any such scheme can be achieved when the concatenated encoder, channel, controller and decoder behave as an AWGN channel with LTI filters. We also present a simple coding scheme that allows one to achieve (operational) average data rates that are at most (approximately) 1.254 bits away from the derived lower bound, while satisfying the performance constraint. A numerical example is presented to illustrate our findings.",55,4.6,10.1109/TAC.2015.2500658,https://doi.org/10.1109/TAC.2015.2500658,1.1200
Shi09b,Disturbance rejection with information constraints: Performance limitations of a scalar system for bounded and Gaussian disturbances,Hidenori Shingin and Y. Ohta,2009,2009-09-01,Autom.,48,1111-1116,,32,1.9,10.1016/j.automatica.2012.02.040,https://doi.org/10.1016/j.automatica.2012.02.040,1.1200
Mat07,Shannon zero error capacity in the problems of state estimation and stabilization via noisy communication channels,A. Matveev and A. Savkin,2007,2007-02-20,Int. J. Control,80,241-255,"The paper addresses state estimation and stabilization problems involving communication errors and capacity constraints. Discrete-time partially observed unstable linear systems perturbed by stochastic exogenous disturbances are studied. Unlike the classic theory, the sensor signals are transmitted to the estimator or controller over a noisy digital communication link modelled as a stochastic stationary discrete memoryless channel. It is shown that the capability of the noisy channel to ensure almost sure stabilizability/observability of the plant is identical to exactly its capability to transmit information with zero probability of error. Specifically, it is demonstrated that the standard numerical characteristic of the latter capability, i.e., the Shannon zero error capacity of the channel, constitutes the border separating the cases where the plant is and respectively, is not stabilizable/observable with probability 1.",69,3.6,10.1080/002071706000981775,https://doi.org/10.1080/002071706000981775,1.1100
Gar87,Nonstationary learning characteristics of the LMS algorithm,W. Gardner,1987,1987-10-01,,,,Upper and lower bounding first-order linear recursions for the mean-squared error realized with the LMS algorithm subjected to a sequence of independent nonstationary training vectors are derived. These bounds coincide to give the exact evolution of mean-squared error for the problem of identification of a nonrecursive time-varying system with white-noise excitation. This leads to an exact formula for time-averaged mean-squared error that is used to study optimization of the step-size parameter for minimum time-average misadjustment. New results on dependence of the minimal step size and the minimum misadjustment on the degree of nonstationarity are obtained.,67,1.7,10.1109/TCS.1987.1086054,https://doi.org/10.1109/TCS.1987.1086054,1.1000
Yuk15b,Stationary and Ergodic Properties of Stochastic NonLinear Systems Controlled over Communication Channels,S. Yüksel,2015,2015-06-12,SIAM J. Control. Optim.,54,2844-2871,"This paper is concerned with the following problem: Given a stochastic non-linear system controlled over a noisy channel, what is the largest class of channels for which there exist coding and control policies so that the closed loop system is stochastically stable? Stochastic stability notions considered are stationarity, ergodicity or asymptotic mean stationarity. We do not restrict the state space to be compact, for example systems considered can be driven by unbounded noise. Necessary and sufficient conditions are obtained for a large class of systems and channels. A generalization of Bode's Integral Formula for a large class of non-linear systems and information channels is obtained. The findings generalize existing results for linear systems.",23,2.1,10.1137/140989686,https://doi.org/10.1137/140989686,1.0900
Gru88b,Algebraic conditions for absolute tracking control of Lurie systems,L. Grujic,1988,1988-08-01,International Journal of Control,48,729-754,"By definition, the goal of control is to force the system's real output to track its desired output despite actions of external disturbances. Both continuous-time and discrete-time Lurie systems with time-varying desired outputs are considered, subject to time-varying unknown unmeasurable disturbances. The absolute tracking concept is introduced in this framework via the state-space and various tracking properties are discovered and denned. These properties reflect different qualities of the system's dynamic behaviour. New qualitative and conceptual necessary conditions are established for all tracking properties. These uncover the crucial necessary relationships between the sets of admissible desired outputs, acceptable disturbances and realizable controls. General sufficient conditions are derived so that system tracking in a ‘forced regime’ is guaranteed by the adequate stability of an appropriately associated system in the ‘free regime’. The general sufficient conditions are basic for the application ...",6,0.2,10.1080/00207178808906207,https://doi.org/10.1080/00207178808906207,1.0800
Sil11b,A Framework for Control System Design Subject to Average Data-Rate Constraints,"Eduardo I. Silva, M. Derpich, and Jan Østergaard",2011,2011-08-01,IEEE Transactions on Automatic Control,56,1886-1899,,61,4.1,10.1109/TAC.2010.2098070,https://doi.org/10.1109/TAC.2010.2098070,1.0600
Lju91,A result on the mean square error obtained using general tracking algorithms,L. Ljung and P. Priouret,1991,1991-07-01,International Journal of Adaptive Control and Signal Processing,5,231-248,"Tracking time-varying properties is of crucial importance in all adaptive algorithms. In this contribution we study a fairly general algorithm for tracking properties of model parameters that can be described in a linear regression form (including AR models and the like). An explicit expression for the mean square error between the estimated and the true (time-varying) parameter is established. For slow adaptation this expression can be arbitrarily well approximated by a much simpler expression. The treatment differs from other related studies using weak convergence theory, averaging, etc. in that the results are not asymptotic in nature and are applicable also to the transient phase as well as over unbounded time intervals.",37,1.1,10.1002/ACS.4480050402,https://doi.org/10.1002/ACS.4480050402,1.0600
Con69,The Information Transfer Required in Regulatory Processes,R. Conant,1969,1969-10-01,IEEE Trans. Syst. Sci. Cybern.,5,334-338,"Several fundamental relations between regulation and informational quantities are given. These show that regulation is a phenomenon closely tied to the transinformation between the regulator and the system which might be called its opponent. Two basic types of regulators are distinguished. The first, error-controlled regulators, are shown to be essentially coding devices which operate by taking advantage of constraints in the input sequence. The second, cause-controlled regulators, are shown to be free of some limitations inherent in error-controlled regulators. The importance of the regulator's channel capacity in cause-controlled regulation is established.",35,0.6,10.1109/TSSC.1969.300226,https://doi.org/10.1109/TSSC.1969.300226,1.0500
Far80,Tracking properties of adaptive signal processing algorithms,D. Farden and K. Sayood,1980,1980-04-09,"IEEE International Conference on Acoustics, Speech, and Signal Processing",,466-469,"Adaptive signal processing algorithms are often used in order to ""track"" an unknown time-varying parameter vector. Such algorithms are typically some form of stochastic gradient-descent algorithm. The Widrow LMS algorithm is apparently the most frequently used. This work develops an upper bound on the norm-squared error between the parameter vector being tracked and the value obtained by the algorithm. The upper bound illustrates the relationship between the algorithm step-size and the maximum rate of variation in the parameter vector. Finally, some simple covariance decay-rate conditions are imposed to obtain a bound on the mean square error.",63,1.4,10.1109/ICASSP.1980.1170938,https://doi.org/10.1109/ICASSP.1980.1170938,1.0500
Fra09b,Synchronization of Passifiable Lurie Systems Via Limited-Capacity Communication Channel,"Alexander L. Fradkov, B. Andrievsky, and R. Evans",2009,2009-02-01,IEEE Transactions on Circuits and Systems I: Regular Papers,56,430-439,"Output-feedback controlled synchronization problems for a class of nonlinear unstable systems under information constraints imposed by limited capacity of the communication channel are analyzed. A binary time-varying coder-decoder scheme is described, and a theoretical analysis for multidimensional master-slave systems represented in Lurie form (linear part plus nonlinearity depending only on measurable outputs) is provided. An output-feedback control law is proposed based on the passification theorem. It is shown that the synchronization error exponentially tends to zero for sufficiently high transmission rate (channel capacity). The results obtained for the synchronization problem can be extended to tracking problems in a straightforward manner if the reference signal is described by an external (exogenous) state space model. The results are illustrated by the controlled synchronization of two chaotic Chua systems via a communication channel with limited capacity.",27,1.6,10.1109/TCSI.2008.2001365,https://doi.org/10.1109/TCSI.2008.2001365,1.0500
Col12b,Minimal Bit Rates and Entropy for Exponential Stabilization,F. Colonius,2012,2012-10-02,SIAM J. Control. Optim.,50,2988-3010,"Minimal bit rates and entropy are studied for exponential stabilization of control systems in continuous time. Upper and lower bounds for the stabilization entropy are derived. In particular, for linear systems, a formula is given in terms of the real parts of eigenvalues. Then the minimal bit rate is related to the stabilization entropy.",64,4.7,10.1137/110829271,https://doi.org/10.1137/110829271,1.0500
Tan15,LQG Control with Minimal Information: Three-Stage Separation Principle and SDP-based Solution Synthesis,"Takashi Tanaka, Peyman Mohajerin Esfahani, and S. Mitter",2015,2015-10-14,ArXiv,abs/1510.04214,,"In the interest of evaluating an information-theoretic requirement for feedback control, this paper proposes a framework to synthesize a control policy that minimizes Massey’s directed information from the state sequence to the control sequence while attaining required Linear-Quadratic-Gaussian (LQG) control performance. Interpretation and significance of this framework is discussed in the context of networked control theory. As the main result, we show that an optimal control policy can be realized by an attractively simple three-stage decision architecture comprising (1) a linear sensor with additive Gaussian noise, (2) a Kalman filter, and (3) a certainty equivalence controller. This result suggests an integration of two separation principles previously known in the literature: the filter-controller separation principle in the LQG control theory, and the sensorfilter separation principle in zero-delay rate-distortion theory for Gauss-Markov sources. It is also shown that an optimal policy can be synthesized by semidefinite programming (SDP). Both time-varying finite-horizon problems and time-invariant infinitehorizon problems are considered. Our results can be viewed as a generalization of the data-rate theorem for mean-square stability by Nair & Evans, extended for a control performance analysis.",12,1.1,,https://www.semanticscholar.org/paper/daeb13fee5360fff8440d2a3bfc080611c1220dc,1.0500
Lib18,Entropy and Minimal Bit Rates for State Estimation and Model Detection,D. Liberzon and S. Mitra,2018,2018-10-01,IEEE Transactions on Automatic Control,63,3330-3344,"We study a notion of estimation entropy for continuous-time nonlinear systems, formulated in terms of the number of system trajectories that approximate all other trajectories up to an exponentially decaying error. We also consider an alternative definition of estimation entropy, which uses approximating functions that are not necessarily trajectories of the system, and show that the two entropy notions are equivalent. We establish an upper bound on the estimation entropy in terms of the sum of the desired convergence rate and an upper bound on the matrix measure of the Jacobian, multiplied by the system dimension. A lower bound on the estimation entropy is developed as well. We then turn our attention to state estimation and model detection with quantized and sampled state measurements. We describe an iterative procedure that uses such measurements to generate state estimates that converge to the true state at the desired exponential rate. The average bit rate utilized by this procedure matches the derived upper bound on the estimation entropy, and no other algorithm of this type can perform the same estimation task with bit rates lower than the estimation entropy. Finally, we discuss an application of the estimation procedure in determining, from the quantized state measurements, which of two competing models of a dynamical system is the true model. We show that under a mild assumption of “exponential separation” of the candidate models, detection always happens in finite time.",30,3.9,10.1109/TAC.2017.2782478,https://doi.org/10.1109/TAC.2017.2782478,1.0400
Ben82,A measure of the tracking capability of recursive stochastic algorithms with constant gains,A. Benveniste and G. Ruget,1982,1982-06-01,IEEE Transactions on Automatic Control,27,639-649,"A criterion is given for measuring the tracking capability of recursive algorithms when applied to slowly time-varying systems; the optimal gain for a given disturbance is also calculated. This criterion is seen to have some connection with the Fisher information matrix, and allows us to select a priori the best algorithm for identifying a given unknown parameter which may be subject to smooth unknown disturbances. Examples of applications are given in the areas of identification theory and data communication theory.",112,2.5,10.1109/TAC.1982.1102981,https://doi.org/10.1109/TAC.1982.1102981,1.0300
Mat07b,An Analogue of Shannon Information Theory for Detection and Stabilization via Noisy Discrete Communication Channels,A. Matveev and A. Savkin,2007,2007-09-01,SIAM J. Control. Optim.,46,1323-1367,"The paper addresses both detection and stabilization problems involving communication errors and capacity constraints. Discrete-time partially observed linear systems are studied. Unlike the classic theory, the sensor signals are transmitted to the estimator/controller over a noisy digital communication link modeled as a stochastic stationary discrete memoryless channel. It is shown that for noise-free plants, the Shannon capacity of the channel constitutes the border separating the cases where stabilization and reliable detection (asymptotic state estimation) with arbitrarily large probability are and are not possible, respectively.",105,5.6,10.1137/040621697,https://doi.org/10.1137/040621697,1.0200
Fre10,Stabilization and Disturbance Attenuation Over a Gaussian Communication Channel,"J. Freudenberg, R. Middleton, and V. Solo",2010,2010-02-05,IEEE Transactions on Automatic Control,55,795-799,,95,5.8,10.1109/TAC.2010.2040507,https://doi.org/10.1109/TAC.2010.2040507,1.0200
Shi07,Disturbance Rejection with Communication Constraints,Hidenori Shingin and Y. Ohta,2007,2007-09-30,Journal of the Society of Instrument and Control Engineers,43,806-811,Disturbance rejection problem with communication constraints for the first order system is considered. The performance limitation of the control system is shown by describing the trade-off between channel capacity and control performance quantitatively. The optimal control performance can be achieved by the state observation based on the coding of state prediction error and control to cancel the state by the predicted value.,0,,10.9746/VE.SICETR1965.43.806,https://doi.org/10.9746/VE.SICETR1965.43.806,1.0100
Kho16,The Value of Timing Information in Event-Triggered Control,"M. J. Khojasteh, Pavankumar Tallapragada, J. Cortés, and M. Franceschetti",2016,2016-09-30,IEEE Transactions on Automatic Control,65,925-940,"We study event-triggered control for stabilization of unstable linear plants over rate-limited communication channels subject to unknown bounded delay. On one hand, the timing of event triggering carries implicit information about the state of the plant. On the other hand, the delay in the communication channel causes information loss, as it makes the state information available at the controller out of date. Combining these two effects, we show a phase transition behavior in the transmission rate required for stabilization using a given event-triggering strategy. For small values of the delay, the timing information carried by the triggering events is substantial, and the system can be stabilized with any positive rate. When the delay exceeds a critical threshold, the timing information alone is not enough to achieve stabilization, and the required rate grows. When the delay equals the inverse of the entropy rate of the plant, the implicit information carried by the triggering events perfectly compensates the loss of information due to the communication delay, and we recover the rate requirement prescribed by the data-rate theorem. We also provide an explicit construction yielding a sufficient rate for stabilization, as well as results for vector systems. Our results do not rely on any a priori probabilistic model for the delay or the initial conditions.",42,4.4,10.1109/TAC.2019.2919107,https://doi.org/10.1109/TAC.2019.2919107,1.0100
Mat05,Multirate Stabilization of Linear Multiple Sensor Systems via Limited Capacity Communication Channels,A. Matveev and A. Savkin,2005,2005-08-01,SIAM J. Control. Optim.,44,584-617,"The paper addresses a feedback stabilization problem involving bit-rate communication capacity constraints. A discrete-time partially observed linear system is studied. Unlike classic theory, the signals from multiple sensors are transmitted to the controller over separate finite capacity communication channels. The sensors do not have constant access to the channels, and the channels are not perfect: the messages incur time-varying transmission delays and may be corrupted or lost. However, we suppose that the time-average number of bits per sample period that can be successfully transmitted over the channel during a time interval converges to a certain limit as the length of the interval becomes large. Necessary and sufficient conditions for stabilizability are established. They give the tightest lower bounds on the channel capacities for which stabilization is possible. An algorithm for stabilization is also presented.",82,3.9,10.1137/S0363012902419965,https://doi.org/10.1137/S0363012902419965,1.0000
Ran17,Control Capacity,G. Ranade and Anant Sahai,2017,2017-01-16,IEEE Transactions on Information Theory,65,235-254,"Feedback control actively dissipates uncertainty from a dynamical system by means of actuation. We develop a notion of “control capacity” that gives a fundamental limit (in bits) on the rate at which a controller can dissipate the uncertainty from a system, i.e., stabilize to a known fixed point. We give a computable single-letter characterization of control capacity for memoryless stationary scalar multiplicative actuation channels. Control capacity allows us to answer questions of stabilizability for scalar linear systems: a system with actuation uncertainty is stabilizable if and only if the control capacity is larger than the log of the unstable open-loop eigenvalue. For second-moment senses of stability, we recover the classic uncertainty threshold principle result. However, our definition of control capacity can quantify the stabilizability limits for any moment of stability. Our formulation parallels the notion of Shannon’s communication capacity and thus yields both a strong converse and a way to compute the value of side information in control.",0,,10.1109/TIT.2018.2868929,https://doi.org/10.1109/TIT.2018.2868929,1.0000
Fra07,Synchronization of nonlinear systems under information constraints.,"Alexander L. Fradkov, B. Andrievsky, and R. Evans",2007,2007-12-05,Chaos,18 3,"'
          037109
        ","A brief survey of control and synchronization under information constraints (limited information capacity of the coupling channel) is given. Limit possibilities of nonlinear observer-based synchronization systems with first-order coders or full-order coders are considered in more detail. The existing and new theoretical results for multidimensional drive-response Lurie systems (linear part plus nonlinearity depending only on measurable outputs) are presented. It is shown that the upper bound of the limit synchronization error (LSE) is proportional to the upper bound of the transmission error. As a consequence, the upper and lower bounds of LSE are proportional to the maximum coupling signal rate and inversely proportional to the information transmission rate (channel capacity). The analysis is extended to networks having a ""chain,"" ""star,"" or ""star-chain"" topology. Adaptive chaotic synchronization under information constraints is analyzed. The results are illustrated by example: master-slave synchronization of two chaotic Chua systems coupled via a channel with limited capacity.",42,2.3,10.1063/1.2977459,https://doi.org/10.1063/1.2977459,1.0000
Ewe85,Tracking error bounds of adaptive nonstationary filtering,E. Eweda and O. Macchi,1985,1985-05-01,Autom.,21,293-302,,76,1.9,10.1016/0005-1098(85)90062-7,https://doi.org/10.1016/0005-1098(85)90062-7,1.0000
Bra07,Feedback Stabilization Over Signal-to-Noise Ratio Constrained Channels,"J. Braslavsky, R. Middleton, and J. Freudenberg",2007,2007-08-13,IEEE Transactions on Automatic Control,52,1391-1403,,66,3.5,10.1109/TAC.2007.902739,https://doi.org/10.1109/TAC.2007.902739,0.9900
Kho18e,Exploiting Timing Information in Event-Triggered Stabilization of Linear Systems With Disturbances,"M. J. Khojasteh, Mojtaba Hedayatpour, J. Cortés, and M. Franceschetti",2018,2018-05-05,IEEE Transactions on Control of Network Systems,8,15-27,"Similar to the way pauses are used in spoken language to convey information, it is also possible to transmit information in communication networks not only by message content, but also with its timing. This article presents an event-triggering strategy that utilizes timing information by transmitting in a state-dependent fashion. We consider the stabilization of a continuous-time, time-invariant, linear plant over a digital communication channel with bounded delay and subject to bounded plant disturbances, and establish two main results. On the one hand, we design an encoding–decoding scheme that guarantees a sufficient information transmission rate for stabilization. On the other hand, we determine a lower bound on the information transmission rate necessary for stabilization by any control policy.",8,1.0,10.1109/TCNS.2020.3030008,https://doi.org/10.1109/TCNS.2020.3030008,0.9800
Tat04c,Stochastic linear control over a communication channel,"S. Tatikonda, Anant Sahai, and S. Mitter",2004,2004-09-13,IEEE Transactions on Automatic Control,49,1549-1561,,442,20,10.1109/TAC.2004.834430,https://doi.org/10.1109/TAC.2004.834430,0.9500
You10,Minimum Data Rate for Mean Square Stabilization of Discrete LTI Systems Over Lossy Channels,Keyou You and Lihua Xie,2010,2010-06-28,IEEE Transactions on Automatic Control,55,2373-2378,"This note investigates the minimum data rate for mean square stabilization of discrete linear time-invariant systems over a lossy channel. The packet dropout process of the channel is modeled as an independent and identically distributed process. For general single input systems, the minimum data rate is explicitly given in terms of unstable eigenvalues of the open loop matrix and the packet dropout rate, which clearly reveals the amount of the additional bit rate required to counter the effect of packet dropouts on stabilization. Sufficient data rate conditions for the mean square stabilization of multiple input systems are derived as well.",137,8.6,10.1109/TAC.2010.2054890,https://doi.org/10.1109/TAC.2010.2054890,0.9500
Mon71,Linear Estimation in an Unknown Quasi-Stationary Environment,P. Monsen,1971,1971-07-01,IEEE Trans. Syst. Man Cybern.,1,216-222,Linear estimation under a minimum mean-square-error criterion in a quasi-stationary environment is considered. A generalized form of the Widrow-Hoff algorithm is employed for the estimation. Performance is measured by the excess error over the minimum meansquare error. A Gaussian assumption is used to determine this performance and determine simple bounds. The transient solution for the algorithm is investigated and a convergence rate determined. These results are used to optimize the algorithm parameters and bound the performance as a function of the environmental rate of change. The Robbins-Monro algorithm for finding the root of a linear regression function suggests the use of fixed step size stochastic approximation algorithms to solve more general quasi-stationary estimation problems.,8,0.1,10.1109/TSMC.1971.4308288,https://doi.org/10.1109/TSMC.1971.4308288,0.9500
Hui03,Mutual information rate and analytic constraint in linear time invariant control systems,Zhang Hui,2003,,,,,"Linear discretetime timeinvariant feedback systems disturbed by random processes are investigated from the viewpoint of information theory. Mutual information rate is employed as a measure of information transmission in systems to formulate the basic information condition of the tracking control problem. Based on this condition, a new design constraint is derived in dealing with the ""information destruction"" induced by exogenous disturbance input. Such analytic constraint indicates a relation between Bode integrals of the sensitivity function and the complementary sensitivity function, and implies a requirement of the unstable poles and nonminimum phase zeros of the open loop transfer function when it is strictly proper.",0,,,https://www.semanticscholar.org/paper/fcfed67d3512d47fcfb4d517f88ab6762b263631,0.9400
Tou01,Information-theoretic approach to the study of control systems,H. Touchette and S. Lloyd,2001,2001-04-02,Physica A-statistical Mechanics and Its Applications,331,140-172,"We propose an information-theoretic framework for analyzing control systems based on the close relationship of controllers to communication channels. A communication channel takes an input state and transforms it into an output state. A controller, similarly, takes the initial state of a system to be controlled and transforms it into a target state. In this sense, a controller can be thought of as an actuation channel that acts on inputs to produce desired outputs. In this transformation process, two different control strategies can be adopted: (i) the controller applies an actuation dynamics that is independent of the state of the system to be controlled (open-loop control); or (ii) the controller enacts an actuation dynamics that is based on some information about the state of the controlled system (closed-loop control). Using this communication channel model of control, we provide necessary and sufficient conditions for a system to be perfectly controllable and perfectly observable in terms of information and entropy. In addition, we derive a quantitative trade-off between the amount of information gathered by a closed-loop controller and its relative performance advantage over an open-loop controller in stabilizing a system. This work supplements earlier results (Phys. Rev. Lett. 84 (2000) 1156) by providing new derivations of the advantage afforded by closed-loop control and by proposing an information-based optimality criterion for control systems. New applications of this approach pertaining to proportional controllers, and the control of chaotic maps are also presented.",209,8.3,10.1016/j.physa.2003.09.007,https://doi.org/10.1016/j.physa.2003.09.007,0.9300
Cha05,The Information Cost of Loop Shaping over,G. Channels,2005,,,,,"In this paper, we extend the results of our previous work on feedback stabilization and feedback com- munication to include the presence of an external input acting as a output disturbance on the feedback system. Rather than on the communication system, we focus on the control system. We show that the Directed Information still characterizes the information rate flowing through the channel, and that it is constant for a given open loop Degree of Instability and the channel model. This indicates that, in our case, loop shaping does not affect the rate through the channel but only the transmission power if the degree of instability is kept constant. For the memoryless AWGN channel we characterize the required transmission power in a closed form which relates a function of the required transmission power to the sum two rates: one given by the Directed Information, the other lost due to the non flat frequency shaping of the Sensitivity and expressed in term of a relative entropy. This result provides a new interpretation to the H∞ Sensitivity minimization problem which is based on information theoretic concepts.",0,,,https://www.semanticscholar.org/paper/6dbf4aa389f9b643837652cfbe4577c29fa79e1e,0.9200
Joh12b,Networked Control Systems with Unbounded Noise under Information Constraints,Andrew P. Johnston,2012,2012-12-06,,,,"We investigate the stabilization of unstable multidimensional partially observed singlestation, multi-sensor (single-controller) and multi-controller (single-sensor) linear systems controlled over discrete noiseless channels under fixed-rate information constraints. Stability is achieved under communication requirements that are asymptotically tight in the limit of large sampling periods. Through the use of similarity transforms, sampling and random-time drift conditions we obtain a coding and control policy leading to the existence of a unique invariant distribution and finite second moment for the sampled state. We use a vector stabilization scheme in which all modes of the linear system visit a compact set together infinitely often.",1,0.1,,https://www.semanticscholar.org/paper/0fe4d854f7d368253ea1dbf223ced3c82d917905,0.9100
Nar80b,BOUNDED EFSlOR ADllpTIvE CONTROL,K. Narendra and B. Peterson,1980,,,,,"corrmted with disturbance and when plant parameters Identification and control when plant output is vary with time are considered. It is shovn how the error model can be described by a non-hmogeneous differential equation. Subject to bounded disturbance and parameter variation and sufficiently rich input the parameter error vector remains bounded and explicit bounds are derived. For inputs that are not sufficiently rich some sufficient conditions for stability and some examples of instability are given. Finally, a non-linear adaptation algorithm is presented for the control problen that insures the boundedness of the parameter error vector and all signals in the system. I. Introduction The global stability of single-input single-output systma vhich had remained an open problem for twu decades was recently resolved for both continuous [l] [2] and discrete systens 131 141. It is also now realized that the dlfferent adaptive schemes which were developed independently for We1 Reference Adaptive Control (?&IC) and Self Tuning Regulators (STR) are all equivalent. The assumptions that have to be made regarding the unknown plant are also the same for the various schemes and are found to be too restrictive. In particular, the assumption regarding an exact knowledge of the relative degree of the plant transfer function is rarely satisfied in practical situations. Bence it was suggested in lated so that less is demanded of the controller allowI51 that the adaptive control problem should be reformuing fewer assumptions to be made regarding the plant. This led to the study of bounded error adaptive contiol in wfcich a bounded error between plant and reference model is all t6at is required instead of perfect output matching.",0,,,https://www.semanticscholar.org/paper/d46739e5264b5e92d8f4b6a1a7d7217a31673679,0.9000
Gru80,Continuous-time tracking systems incorporating Lur'e plants with single non-linearities,L. Grujic and B. Porter,1980,,International Journal of Systems Science,11,177-189,The concept of absolute tracking is introduced for Lur'e control systems subjected to immeasurable disturbances and immeasurable command inputs. It is shown that the tracking characteristics of closed-loop control systems incorporating Lur'e plants with single non-linearities can be established on the basis of the absolute stability characteristics of associated free systems. These general results are illustrated by synthesizing a tracking system incorporating a simple Lur'e plant.,25,0.5,10.1080/00207728008967006,https://doi.org/10.1080/00207728008967006,0.9000
You11,Minimum Data Rate for Mean Square Stabilizability of Linear Systems With Markovian Packet Losses,Keyou You and Lihua Xie,2011,2011-04-01,IEEE Transactions on Automatic Control,56,772-785,,184,12,10.1109/TAC.2010.2068590,https://doi.org/10.1109/TAC.2010.2068590,0.9000
Per06b,On stabilization of nonlinear systems under data rate constraints using output measurements,C. D. Persis,2006,2006-04-01,International Journal of Robust and Nonlinear Control,16,,,38,1.9,10.1002/rnc.1060,https://doi.org/10.1002/rnc.1060,0.9000
Der21,Directed Data-Processing Inequalities for Systems with Feedback,M. Derpich and Jan Østergaard,2021,2021-03-25,Entropy,23,,"We present novel data-processing inequalities relating the mutual information and the directed information in systems with feedback. The internal deterministic blocks within such systems are restricted only to be causal mappings, but are allowed to be non-linear and time varying, and randomized by their own external random input, can yield any stochastic mapping. These randomized blocks can for example represent source encoders, decoders, or even communication channels. Moreover, the involved signals can be arbitrarily distributed. Our first main result relates mutual and directed information and can be interpreted as a law of conservation of information flow. Our second main result is a pair of data-processing inequalities (one the conditional version of the other) between nested pairs of random sequences entirely within the closed loop. Our third main result introduces and characterizes the notion of in-the-loop (ITL) transmission rate for channel coding scenarios in which the messages are internal to the loop. Interestingly, in this case the conventional notions of transmission rate associated with the entropy of the messages and of channel capacity based on maximizing the mutual information between the messages and the output turn out to be inadequate. Instead, as we show, the ITL transmission rate is the unique notion of rate for which a channel code attains zero error probability if and only if such an ITL rate does not exceed the corresponding directed information rate from messages to decoded messages. We apply our data-processing inequalities to show that the supremum of achievable (in the usual channel coding sense) ITL transmission rates is upper bounded by the supremum of the directed information rate across the communication channel. Moreover, we present an example in which this upper bound is attained. Finally, we further illustrate the applicability of our results by discussing how they make possible the generalization of two fundamental inequalities known in networked control literature.",11,2.1,10.3390/e23050533,https://doi.org/10.3390/e23050533,0.9000
Fre07b,Stabilization with disturbance attenuation over a Gaussian channel,"J. Freudenberg, R. Middleton, and J. Braslavsky",2007,2007-12-01,2007 46th IEEE Conference on Decision and Control,,3958-3963,,47,2.5,10.1109/CDC.2007.4434535,https://doi.org/10.1109/CDC.2007.4434535,0.9000
Ish11,Achievable sensitivity bounds for MIMO control systems via an information theoretic approach,"H. Ishii, Kunihisa Okano, and S. Hara",2011,2011-02-01,Syst. Control. Lett.,60,111-118,,34,2.2,10.1016/j.sysconle.2010.10.014,https://doi.org/10.1016/j.sysconle.2010.10.014,0.8900
Cha09,6WRFKDVWLF&RQWURORYHU)LQLWH&DSDFLW\&KDQQHOV,"C. Charalambous, C. Kourtellaris, and Photios A. Stavrou",2009,,,,,"Optimal communication/control analysis and de- sign of dynamical controlled systems, when there are finite capacity communication constraints often involve information and control theoretic analysis. This paper, employees informa- tion theoretic concepts, which are subject to causality, and thus applicable to control/communication system analysis and design in which encoders, decoders and controllers are causal. The basic mathematical concepts are constructive; they are based on a modified version of Shannon's self-mutual information, known as directed information, which describes how much information a random process conveys to another random process, to account for the causality of the probabilistic channel connecting these random processes, when feedback is used. Following this construction data processing inequalities are derived while the solution to the casual information rate distortion is obtained in which the optimal reconstruction kernel is causally dependent on the source and control. Further, in view of the complexity of the causal rate distortion function, a tight lower bound on the casual rate distortion function is derived which is easy to apply in many control/communication systems. Finally, using the information transmission theorem, the connection between stabilizabilty and observability of the control system is related to the causal rate distortion function and its lower bound.",0,,,https://www.semanticscholar.org/paper/46ac552a420e2b304b159b5982717fed8b1a6f32,0.8900
Yuk06,Minimum Rate Coding for LTI Systems Over,S. Yüksel and T. Başar,2006,,,,,"This paper studies rate requirements for state estima- tion in linear time-invariant (LTI) systems where the controller and the plant are connected via a noiseless channel with limited capacity. Using information theoretic arguments, we obtain first for scalar systems, and subsequently for multidimensional systems, lower bounds on the data rates required for state estimation under three different stability criteria, namely monotonic boundedness of entropy, asymptotic stability of distortion, and support size sta- bility. Further, the minimum data rate achievable by any source- encoder is computed under each of these criteria, and the best rate achievable with quantization is shown to be in agreement with the information-theoretic bounds in some specific cases (such as if the system coefficient is an integer or if the criterion is an asymptotic one). Existence of optimal variable-length and fixed-length quan- tizers are studied and optimal quantizers are constructed under each of these criteria. One observation is that, the uniform quan- tizer is, in addition to being simple, efficient in linear control sys- tems.",0,,,https://www.semanticscholar.org/paper/70b624401587f980e2eb23bd02c1fae54947e078,0.8900
Guo93,Stability of recursive stochastic tracking algorithms,Lei Guo,1993,1993-12-15,Proceedings of 32nd IEEE Conference on Decision and Control,,2062-2067 vol.3,,106,3.3,10.1109/CDC.1993.325562,https://doi.org/10.1109/CDC.1993.325562,0.8800
Min07,Data rate theorem for stabilization over fading channels ( Invited Paper ),"Paolo Minero, M. Franceschetti, S. Dey, and G. Nair",2007,,,,,"In this paper, we present a data rate theorem for stabilization of a linear, discrete-time, unstable dynamical system with arbitrarily large disturbances, over a noiseless communication channel with time-varying rates. Necessary and sufficient conditions for stabilization are derived, their implications and relationships with related results in the literature are discussed.",3,0.2,,https://www.semanticscholar.org/paper/07eb9a231edf11a175f5b034dff304166ae2b158,0.8800
Fan17,Design constraints and limits of networked feedback in disturbance attenuation: An information-theoretic analysis,"Song Fang, Jie Chen, and H. Ishii",2017,2017-05-01,Autom.,79,65-77,,16,1.8,10.1016/j.automatica.2017.01.005,https://doi.org/10.1016/j.automatica.2017.01.005,0.8800
Der13,Fundamental Inequalities and Identities Involving Mutual and Directed Informations in Closed-Loop Systems,"M. Derpich, Eduardo I. Silva, and Jan Østergaard",2013,2013-01-27,ArXiv,abs/1301.6427,,"We present several novel identities and inequalities relating the mutual information and the directed information in systems with feedback. The internal blocks within such systems are restricted only to be causal mappings, but are allowed to be non-linear, stochastic and time varying. Moreover, the involved signals can be arbitrarily distributed. We bound the directed information between signals inside the feedback loop by the mutual information between signals inside and outside the feedback loop. This fundamental result has an interesting interpretation as a law of conservation of information flow. Building upon it, we derive several novel identities and inequalities, which allow us to prove some existing information inequalities under less restrictive assumptions. Finally, we establish new relationships between nested directed informations inside a feedback loop. This yields a new and general data-processing inequality for systems with feedback.",11,0.8,,https://www.semanticscholar.org/paper/9cf0e3447c14cef2ff7e6a8ed532e1a3b554e004,0.8700
Fu91,New approach to robust model reference adaptive control for a class of plants,L. Fu,1991,1991-06-01,International Journal of Control,53,1359-1375,"Motivated by recent advances in designing robust adaptive controllers and in dealing with uncertain dynamical systems, a new model reference adaptive control which is robust to a class of unmodelled dynamics and bounded output disturbances in the case of relative degree one is presented. The implementation of the controllers includes a switching mechanism which plays a crucially important role in functions of stabilizing as well as tracking. It is shown that global stability of the overall system is achieved under no assumption of persistency of excitation, and tracking errors will converge to a residual set whose size can be directly related to the size of unmodelled dynamics and of output disturbances explicitly. In the ideal case, the residual set degenerates to a single null point and convergence can be achieved in finite time without any requirement of persistency of excitation.",21,0.6,10.1080/00207179108953680,https://doi.org/10.1080/00207179108953680,0.8600
Kho18f,Event-triggered stabilization of disturbed linear systems over digital channels,"M. J. Khojasteh, Mojtaba Hedayatpour, J. Cortés, and M. Franceschetti",2018,2018-01-26,2018 52nd Annual Conference on Information Sciences and Systems (CISS),,1-6,"We present an event-triggered control strategy for stabilizing a scalar, continuous-time, time-invariant, linear system over a digital communication channel having bounded delay, and in the presence of bounded system disturbance. We propose an encoding-decoding scheme, and determine lower bounds on the packet size and on the information transmission rate which are sufficient for stabilization. We show that for small values of the delay, the timing information implicit in the triggering events is enough to stabilize the system with any positive rate. In contrast, when the delay increases beyond a critical threshold, the timing information alone is not enough to stabilize the system and the transmission rate begins to increase. Finally, large values of the delay require transmission rates higher than what prescribed by the classic data-rate theorem. The results are numerically validated using a linearized model of an inverted pendulum.",12,1.4,10.1109/CISS.2018.8362261,https://doi.org/10.1109/CISS.2018.8362261,0.8600
Ard10,Control-theoretic Approach to Communication with Feedback: Fundamental Limits and Code Design,Ehsan Ardestanizadeh and M. Franceschetti,2010,2010-06-28,ArXiv,abs/1006.5265,,"Feedback communication is studied from a control-theoretic perspective, mapping the communication problem to a control problem in which the control signal is received through the same noisy channel as in the communication problem, and the (nonlinear and time-varying) dynamics of the system determine a subclass of encoders available at the transmitter. The MMSE capacity is defined to be the supremum exponential decay rate of the mean square decoding error. This is upper bounded by the information-theoretic feedback capacity, which is the supremum of the achievable rates. A sufficient condition is provided under which the upper bound holds with equality. For the special class of stationary Gaussian channels, a simple application of Bode's integral formula shows that the feedback capacity, recently characterized by Kim, is equal to the maximum instability that can be tolerated by the controller under a given power constraint. Finally, the control mapping is generalized to the N-sender AWGN multiple access channel. It is shown that Kramer's code for this channel, which is known to be sum rate optimal in the class of generalized linear feedback codes, can be obtained by solving a linear quadratic Gaussian control problem.",6,0.4,,https://www.semanticscholar.org/paper/404aa086bc6f249da248add53bfb420b84cd50a7,0.8600
Ran15,Control capacity,G. Ranade and Anant Sahai,2015,2015-01-02,2015 IEEE International Symposium on Information Theory (ISIT),,2221-2225,"This paper presents a notion of “control capacity” that gives a fundamental limit on the control of a system through an unreliable actuation channel. It tells us how fast we can reliably actively dissipate uncertainty in a system through that actuation channel. We give a computable single-letter characterization for scalar systems with memoryless stationary multiplicative actuation channels. The sense of control capacity is tight for answering questions of stabilizability for scalar linear systems - a system is stabilizable through an actuation channel if and only if the control capacity of that actuation channel is larger than the log of the unstable open-loop eigenvalue. For second-moment senses of stability, our result recovers the classic uncertainty-threshold principle result. However, our formulation can also deal with any other moment. The limits of higher and higher moment senses of stability correspond to a “zero-error” sense of control capacity and taking the limit to weaker-andweaker moments corresponds to a “Shannon” sense of control capacity.",31,2.7,10.1109/ISIT.2015.7282850,https://doi.org/10.1109/ISIT.2015.7282850,0.8500
Fan17b,Tradeoffs in Networked Feedback Systems: From Information-Theoretic Measures to Bode-Type Integrals,"Song Fang, H. Ishii, and Jie Chen",2017,2017-03-01,IEEE Transactions on Automatic Control,62,1046-1061,,18,2.0,10.1109/TAC.2016.2571660,https://doi.org/10.1109/TAC.2016.2571660,0.8500
Per07b,Minimal data rate stabilization of nonlinear systems over networks with large delays,C. D. Persis,2007,2007-04-16,"2007 5th International Symposium on Modeling and Optimization in Mobile, Ad Hoc and Wireless Networks and Workshops",,1-9,"We consider the problem of designing encoders, decoders and controllers which stabilize feed forward nonlinear systems over a communication network with finite bandwidth and large delay. The control scheme guarantees minimal data-rate semi-global asymptotic and local exponential stabilization of the closed-loop system. The analysis rests on the stability properties of a class of cascade impulsive time-delay systems.",233,12,10.1109/WIOPT.2007.4480114,https://doi.org/10.1109/WIOPT.2007.4480114,0.8500
Sel14,Passification-based adaptive control with quantized measurements,"A. Selivanov, Alexander L. Fradkov, and D. Liberzon",2014,,IFAC Proceedings Volumes,47,1477-1482,"We propose and analyze passification-based adaptive controller for linear uncertain systems with quantized measurements. Since the effect of the quantization error is similar to the effect of a disturbance, the adaptation law with σ-modification is used. To ensure convergence to a smaller set, the parameters of the adaptation law are being switched during the evolution of the system and a dynamic quantizer is used. It is proved that if the quantization error is small enough then the proposed controller ensures convergence of the state of a hyper-minimum-phase system to an arbitrarily small vicinity of the origin. Applicability of the proposed controller to polytopic-type uncertain systems and its efficiency is demonstrated by the example of yaw angle control of a flying vehicle.",1,0.1,10.3182/20140824-6-ZA-1003.00505,https://doi.org/10.3182/20140824-6-ZA-1003.00505,0.8500
Sol92,The error variance of LMS with time-varying weights,V. Solo,1992,1992-04-01,IEEE Trans. Signal Process.,40,803-813,"A calculation of weight error variance of the LMS (least mean square) algorithm is made in the presence of time-varying true weights. With time-varying weights the LMS error system has in general several time scales operating at once. This causes difficulties in the variance calculation which seem hitherto to have passed unnoticed. To handle this problem a sort of perturbation expansion is developed based on weak convergence methods or 'stochastic averaging'. The main concern in carrying out the error variance calculation is to study the effect on LMS performance of adaptation speed as it relates to true speed of parameter change. Three cases are covered with reference to considering adaptation speed with respect to true speed: first, where the adaptation speed is too slow; second, where it is matched: and third, where it is faster. >",23,0.7,10.1109/78.127953,https://doi.org/10.1109/78.127953,0.8500
Mat04b,An analogue of Shannon information theory for networked control systems: State estimation via a noisy discrete channel,A. Matveev and A. Savkin,2004,,2004 43rd IEEE Conference on Decision and Control (CDC) (IEEE Cat. No.04CH37601),4,4485-4490 Vol.4,,69,3.1,10.1109/CDC.2004.1429458,https://doi.org/10.1109/CDC.2004.1429458,0.8500
Hes02,Towards the Control of Linear Systems with Minimum Bit-Rate,"J. Hespanha, Antonio Ortega, and L. Vasudevan",2002,,,,,"We address the problem of determining the minimum bit-rate needed to stabilize a linear time-invariant process. For the noise free case, we determine a bit-rate below which stabilization is not possible and above which asymptotic stabilization can be achieved. Inspired by differential pulse code modulation (DPCM) techniques, we propose practical encoding/decoding schemes that guarantee boundedness of the state for the case of a noisy linear time-invariant process. With fixed-step quantization, we are only able to approach the minimum bit-rate for the noiseless case. However, with variable-step quantization we are able to approach it even in the presence of noise and disturbances.",240,9.9,,https://www.semanticscholar.org/paper/b72f6715cece3f0d4fc696236313ddac141af641,0.8500
Guo97,Necessary and sufficient conditions for stability of LMS,"Lei Guo, L. Ljung, and Guanli Wang",1997,1997-06-01,IEEE Trans. Autom. Control.,42,761-770,"Guo and Ljung (1995) established some general results on exponential stability of random linear equations, which can be applied directly to the performance analysis of a wide class of adaptive algorithms, including the basic LMS ones, without requiring stationarity, independency, and boundedness assumptions of the system signals. The current paper attempts to give a complete characterization of the exponential stability of the LMS algorithms by providing a necessary and sufficient condition for such a stability in the case of possibly unbounded, nonstationary, and non-/spl phi/-mixing signals. The results of this paper can be applied to a very large class of signals, including those generated from, e.g., a Gaussian process via a time-varying linear filter. As an application, several novel and extended results on convergence and the tracking performance of LMS are derived under various assumptions. Neither stationarity nor Markov-chain assumptions are necessarily required in the paper.",55,1.9,10.1109/9.587328,https://doi.org/10.1109/9.587328,0.8500
Qiu13,Stabilization of Networked Multi-Input Systems With Channel Resource Allocation,"L. Qiu, G. Gu, and Wei Chen",2013,2013-03-01,IEEE Transactions on Automatic Control,58,554-568,"In this paper, we study the problem of state feedback stabilization of a linear time-invariant (LTI) discrete-time multi-input system with imperfect input channels. Each input channel is modeled in three different ways. First it is modeled as an ideal transmission system together with an additive norm bounded uncertainty, introducing a multiplicative uncertainty to the plant. Then it is modeled as an ideal transmission system together with a feedback norm bounded uncertainty, introducing a relative uncertainty to the plant. Finally it is modeled as an additive white Gaussian noise channel. For each of these models, we properly define the capacity of each channel whose sum yields the total capacity of all input channels. We aim at finding the least total channel capacity for stabilization. Different from the single-input case that is available in the literature and boils down to a typical H∞ or H2 optimal control problem, the multi-input case involves allocation of the total capacity among the input channels in addition to the design of the feedback controller. The overall process of channel resource allocation and the controller design can be considered as a case of channel-controller co-design which gives rise to modified nonconvex optimization problems. Surprisingly, the modified nonconvex optimization problems, though appear more complicated, can be solved analytically. The main results of this paper can be summarized into a universal theorem: The state feedback stabilization can be accomplished by the channel-controller co-design, if and only if the total input channel capacity is greater than the topological entropy of the open-loop system.",90,6.8,10.1109/TAC.2012.2218065,https://doi.org/10.1109/TAC.2012.2218065,0.8500
Kum12,Stability across a Gaussian Product Channel : Necessary and Sufficient Conditions,"Utsaw Kumar, V. Gupta, and J. N. Laneman",2012,,,,,"We present necessary and sufficient conditions for stabilizing a discrete-time LTI plant in the mean squared sense when a sensor transmits the plant state information to a remotely placed controller across a Gaussian product channel. The Gaussian product channel models a continuous-time waveform Gaussian channel, where the encoder transmits information to the receiver across multiple noisy paths. The conditions presented are in terms of the power at the transmitter, noise variances and unstable eigenvalues. It is known that linear coding schemes may lead to overly restrictive stabilizability conditions in such scenarios. We present a non-linear coding scheme and present the resulting sufficient stablizability conditions. We then prove the necessity of the conditions using information theoretic tools.",0,,,https://www.semanticscholar.org/paper/ed64cdb7939571cce3fddd5dc0915fcd829f481c,0.8400
Cha07,Control of Feedback Systems Subject to the Finite Rate Constraints via the Shannon Lower Bound,C. Charalambous and A. Farhadi,2007,2007-04-16,"2007 5th International Symposium on Modeling and Optimization in Mobile, Ad Hoc and Wireless Networks and Workshops",,1-7,,9,0.5,10.1109/WIOPT.2007.4480070,https://doi.org/10.1109/WIOPT.2007.4480070,0.8400
Fan19b,Power Gain Bounds of MIMO Networked Control Systems: An Entropy Perspective,"Song Fang, Jie Chen, and H. Ishii",2019,2019-03-01,IEEE Transactions on Automatic Control,64,1170-1177,"In this note, we develop performance bounds on disturbance power reduction for multiple-input multiple-output networked feedback systems via an information-theoretic approach. The bounds are derived for control systems with linear time-invariant plants and causal stabilizing controllers communicating over noisy communication channels. We utilize the notion of power gain to measure the worst case power reduction from the disturbance to the error signal. Concepts from information theory, such as entropy and mutual information, are instrumental in the analysis, and the performance bounds can be quantified explicitly in terms of the channel blurredness and the plant unstable dynamics.",6,0.8,10.1109/TAC.2018.2839527,https://doi.org/10.1109/TAC.2018.2839527,0.8300
Ish08,Performance Analysis of Control Systems under Limited Data Rates,"H. Ishii, C. Ohyama, and K. Tsumura",2008,2008-05-31,Journal of the Society of Instrument and Control Engineers,44,396-404,"We consider the problem of control over networks and find a tradeoff between control performance and the data rate required for the communication of state information. In particular, following the approach of Nair and Evans(2004), we derive an upper bound on the mean-square norm of the states of the system to be stabilized. A numerical example is provided to verify the obtained bound as well as the performance tradeoff.",6,0.3,10.9746/VE.SICETR1965.44.396,https://doi.org/10.9746/VE.SICETR1965.44.396,0.8300
Ack91,Reduced-Order Adaptive Observation with Nonspecific Adaptive Law,J. Ackermann,1991,,,,,"A bstract-The robustness of adaptive observers whose order is less than that of the plant is addressed. It is shown that residuals (unmodeled states) with finite energy over a finite time interval, together with a definitely exciting plant input, are sufficient to insure ultimate boundedness of the parameter and state errors, regardless of the plant stability or input boundedness. In the absence of definite excitation, the errors are shown to increase at a maximum rate which is proportional to t’/*.",0,,,https://www.semanticscholar.org/paper/23d08f3090fc455aafc12dc28fcde5252cb2fb66,0.8200
Cha05d,Robust Entropy Rate for Uncertain Sources and its Applications in Controlling Systems Subject to Capacity Constraints ∗,C. Charalambous,2005,,,,,"The robust entropy rate is defined as the maximum of the Shannon entropy rate, when the joint probability density function of the source is unknown. The uncertainty of the source probability density is described via a relative entropy constraint set between the uncertain source probability density and the nominal source probability density. For this class of problems, the explicit solution for the robust entropy rate is presented. Further, the results are applied to specific uncertain sources. For the fully observed uncertain Gauss Markov source, a lower bound is found for the robust entropy rate in terms of the solution of an algebraic Riccati equation of the type arising in the H∞ estimation and control. Finally, an application of the robust entropy rate for analyzing uniform asymptotic observability and stabilizability of a control/communication system is given. It is shown that for uniform asymptotic observability and stabilizability of an uncertain controlled system over an uncertain communication link, the required robust information channel capacity must be bounded below by the robust entropy rate.",0,,,https://www.semanticscholar.org/paper/9ba3f29f173db83e539c502260e304b77a6f0ea0,0.8200
Jud94,A robust algorithm for random parameter tracking,A. Juditsky and P. Priouret,1994,1994-06-01,IEEE Trans. Autom. Control.,39,1211-1221,An algorithm for tracking time-varying parameters is studied. It is shown to be exponentially stable independently of the choice of algorithm parameters. We derive some useful nonasymptotic estimates for the tracking error and develop the asymptotically optimal version of the method. >,3,0.1,10.1109/9.293180,https://doi.org/10.1109/9.293180,0.8200
Eng85b,An information-theoretical approach to regulation,S. Engell,1985,1985-02-01,International Journal of Control,41,557-573,"A new approach to the analysis of control systems by means of information-theoretical concepts and techniques is presented which is based on a formulation of the regulation problem in terms of the minimization of a cost function. This approach is much more oriented towards real control problems than the usual method based on entropy functions. Using rate-distortion theory, the requisite variety of the controller and the requisite information from the measurements which are necessary for a certain performance are derived. The results are applied to the disturbance decoupling problem in linear systems. Principal aspects of cause-controlled regulation and error-controlled regulation are discussed.",6,0.1,10.1080/0020718508961147,https://doi.org/10.1080/0020718508961147,0.8000
Wei79,"Digital adaptive filters: Conditions for convergence, rates of convergence, effects of noise and errors arising from the implementation",A. Weiss and D. Mitra,1979,1979-11-01,IEEE Trans. Inf. Theory,25,637-652,"A variety of theoretical results are derived for a well-known class of discrete-time adaptive filters. First the following idealized identification problem is considered: a discrete-time system has vector input x(t) and scalar output z(t)= h \' x(t) where h is an unknown time-invariant coefficient vector. The filter considered adjusts an estimate vector \hat{h}(t) in a control loop according to \hat{h}(t + \Delta t) = \hat{h}(t) + K[z(t) - \hat{z} (t)]x(t) , where \hat{z}( t)= \hat{h}( t) \' x( t) and K is the control loop gain. The effectiveness of the filter is determined by the convergence properties of the misalignment vector r(t) = h - \hat{h}(t) . It is shown that a certain nondegeneracy ""mixing"" condition on the Input { x(t)} is necessary and sufficient for the exponential convergence of the misalignment. Qualitatively identical upper and lower bounds are derived for the rate of convergence. Situations where noise is present in z(t) and x(t) and the coefficient vector h is time-varying are analyzed. Nonmixing inputs are also considered, and it is shown that in the idealized model the above stability results apply with only minor modifications. However, nonmixing input in conjunction with certain types of noise lead to bounded input - unbounded output, i.e., instability.",98,2.1,10.1109/TIT.1979.1056103,https://doi.org/10.1109/TIT.1979.1056103,0.8000
Guo95,Exponential stability of general tracking algorithms,Lei Guo and L. Ljung,1995,1995-08-01,IEEE Trans. Autom. Control.,40,1376-1387,"Tracking and adaptation algorithms are, from a formal point of view, nonlinear systems which depend on stochastic variables in a fairly complicated way. The analysis of such algorithms is thus quite complicated. A first step is to establish the exponential stability of these systems. This is of interest in its own right and a prerequisite for the practical use of the algorithm. It is also a necessary starting point to analyze the performance in terms of tracking and adaptation because that is how close the estimated parameters are to the time-varying true ones. In this paper we establish some general conditions for the exponential stability of a wide and common class of tracking algorithms. This includes least mean squares, recursive least squares, and Kalman filter based adaptation algorithms. We show how stability of an averaged (linear and deterministic) equation and stability of the actual algorithm are linked to each other under weak conditions on the involved stochastic processes. We also give explicit conditions for exponential stability of the most common algorithms. The tracking performance of the algorithms is studied in a companion paper. >",77,2.5,10.1109/9.402229,https://doi.org/10.1109/9.402229,0.8000
Set86,Parameter drift in LMS adaptive filters,"W. Sethares, D. Lawrence, C. Johnson, and R. Bitmead",1986,1986-08-01,IEEE Trans. Acoust. Speech Signal Process.,34,868-879,"We examine general conditions under which the LMS adaptive filter generates unbounded parameter estimates when driven by bounded sequences. This unexpected parameter divergence, or drift, is related to the inadequacy of excitation in the input sequence and is characterized by slow (i.e., nonexponential) escape of the parameter estimate vector to infinity in spite of all other signals (inputs, outputs, prediction errors) remaining bounded or even decaying to zero. The analysis proceeds by showing that, in a general adaptive filtering setting, the sequence of regressors (information vectors) provides a natural decomposition of the parameter estimate space into subspaces, each corresponding to a characteristic class of filter excitation. This subspace decomposition is applied to the LMS adaptive filter, yielding direct links between filter behavior and modes of excitation. In particular, stability and instability of the parameter estimates in the presence of bounded disturbances and prediction errors is obtained for various classes of excitation. This behavior is examined in detail for the first-and second-order cases, and is sufficient to characterize the behavior of higher order adaptive filters. The instability (drift) results are due to modes of ""decaying"" excitation, and bounds on the rates of drift are derived. This drift mechanism is inherent in the algorithm and is not due to numerical implementation problems or violation of small step-size conditions. Examples are presented where drift may occur in restricted complexity filtering and in the related stochastic gradient algorithm. An analysis of leakage in terms of input excitation reveals a tradeoff in performance between parameter and prediction errors. A modified form of leakage, using the subspace decomposition, is suggested to remove this difficulty.",78,2.0,10.1109/TASSP.1986.1164874,https://doi.org/10.1109/TASSP.1986.1164874,0.8000
Zha03b,Bode integrals and laws of variety in linear control systems,Hui Zhang and Youxian Sun,2003,2003-06-04,"Proceedings of the 2003 American Control Conference, 2003.",1,66-70 vol.1,,16,0.7,10.1109/ACC.2003.1238915,https://doi.org/10.1109/ACC.2003.1238915,0.8000
Mes04,Regulator constrained control and rate problem for linear systems with additive disturbances,"F. Mesquine, F. Tadeo, and A. Benzaouia",2004,,Proceedings of the 2004 American Control Conference,4,3375-3380 vol.4,,11,0.5,10.23919/ACC.2004.1384430,https://doi.org/10.23919/ACC.2004.1384430,0.7900
You03,"Entropy rate and H_∞, entropy in LTI control systems",Sun You-xian,2003,,Control theory & applications,,,"The concept of entropy rate in linear time invariant (LTI) control systems that were disturbed by stationary noise was adopted to formulate system performance limits, and to discuss the ' conservation law of variety' by connecting it with classic poles and zeros analysis using Bode's integral formula. The relation between mutual information rate and system H∞ entropy was also discussed, within the framework of information theory.",0,,,https://www.semanticscholar.org/paper/007f07dd498ce696ba2a3cc253e1e4d909a787f8,0.7900
Roj08,Channel signal-to-noise ratio constrained feedback control: performance and robustness,"A. Rojas, J. Braslavsky, and R. Middleton",2008,2008-07-09,Iet Control Theory and Applications,2,595-605,The limitations in performance and robustness imposed by explicitly considering a communication channel in a control loop have received increased attention in recent years. Previous results in the literature have stated these limitations in terms of a minimal transmission data rate necessary for stabilisation. In this paper a signal-to-noise ratio (SNR) approach is used to study two specific cases: (i) performance in terms of model matching and (ii) robustness against a multiplicative uncertainty in the plant model. The analysis performed leads to closed-form expressions that allow the quantification of the extra SNR required in both cases.,27,1.5,10.1049/IET-CTA:20070246,https://doi.org/10.1049/IET-CTA:20070246,0.7800
Fan19,Information-Theoretic Performance Limitations of Feedback Control: Underlying Entropic Laws and Generic $\mathcal{L}_{p}$ Bounds,Song Fang and Quanyan Zhu,2019,2019-12-11,2021 American Control Conference (ACC),,1281-1286,"In this paper, we utilize information theory to study the fundamental performance limitations of generic feedback systems, where both the controller and the plant may be any causal functions/mappings while the disturbance can be with any distributions. More specifically, we obtain fundamental $\mathcal{L}_{p}$ bounds on the control error, which are shown to be completely characterized by the conditional entropy of the disturbance, based upon the entropic laws that are inherent in any feedback systems. We also discuss the generality and implications (in, e.g., fundamental limits of learning-based control) of the obtained bounds.",2,0.3,10.23919/ACC50511.2021.9483083,https://doi.org/10.23919/ACC50511.2021.9483083,0.7800
Sah00,Stabilization over discrete memoryless and wideband channels using nearly memoryless observations,Anant Sahai,,,,,,"We study stabilization of a discrete-time scalar unstable plant over a noisy communication link, where the plant is perturbed at each time by an unknown, but bounded, additive disturbance. While allowing unbounded computational complexity at the decoder/controller, we restrict the observer/encoder to be nearly memoryless in that the channel inputs can only depend on the last sample taken of the plant state. A time-varying randomized encoding scheme is given for discrete memoryless channels, while a timeinvariant deterministic scheme is used for a peak-power constrained wideband channel. These schemes are shown to achieve stabilization in an η-moment sense.",1,1,,https://www.semanticscholar.org/paper/38b8e921dd5aa6c946b4e3eea0b2a84ef6724a34,0.7800
Kum18b,Non-asymptotic error bounds for constant stepsize stochastic approximation for tracking mobile agents,"Bhumesh Kumar, V. Borkar, and A. Shetty",2018,2018-02-21,"Mathematics of Control, Signals, and Systems",31,589 - 614,"This work revisits the constant stepsize stochastic approximation algorithm for tracking a slowly moving target and obtains a bound for the tracking error that is valid for the entire time axis, using the Alekseev nonlinear variation of constants formula. It is the first non-asymptotic bound for the entire time axis in the sense that it is not based on the vanishing stepsize limit and associated limit theorems unlike prior works, and captures clearly the dependence on problem parameters and the dimension.",4,0.5,10.1007/s00498-019-00249-4,https://doi.org/10.1007/s00498-019-00249-4,0.7700
Sin16,Causality preserving information transfer measure for control dynamical system,S. Sinha and U. Vaidya,2016,2016-12-01,2016 IEEE 55th Conference on Decision and Control (CDC),,7329-7334,"In this paper, we show through examples, how the existing definitions of information transfer, namely directed information and transfer entropy fail to capture true causal interaction between states in control dynamical system. Furthermore, existing definitions are shown to be too weak to have any implication on two of the most fundamental concepts in system theory, namely controllability and observability. We propose a new definition of information transfer, based on the ideas from dynamical system theory, and show that this new definition can not only capture true causal interaction between states, but also have implication on system controllability and observability properties. In particular, we show that non-zero transfer of information from input-to-state and state-to-output implies structural controllability and observability properties of the control dynamical system respectively. Analytical expression for information transfer between state-to-state, input-to-state, state-to-output, and input-to-output are provided for linear system. There is a natural extension of our proposed definition to define information transfer over n time steps and average information transfer over infinite time step. We show that the average information transfer in feedback control system between plant output and input is equal to the entropy of the open loop dynamics thereby re-deriving the Bode fundamental limitation results using the proposed definition of transfer.",30,3.2,10.1109/CDC.2016.7799401,https://doi.org/10.1109/CDC.2016.7799401,0.7600
Mat09,An Analog of Shannon Information Theory: State Estimation and Stabilization of Linear Noisy Plants via Noisy Discrete Channels,A. Matveev and A. Savkin,2009,,,,1-47,,0,,10.1007/978-0-8176-4607-3_7,https://doi.org/10.1007/978-0-8176-4607-3_7,0.7600
Che19b,Fundamental limitations and intrinsic limits of feedback: An overview in an information age,"Jie Chen, Song Fang, and H. Ishii",2019,,Annu. Rev. Control.,47,155-177,"Abstract This paper presents a review on the fundamental performance limitations and design tradeoffs of feedback control systems, ranging from classical performance tradeoff issues to the more recent information-theoretic analysis, and from conventional feedback systems to networked control systems, with an attempt to document some of the key achievements in more than seventy years of intellectual inquiries into control performance limitation studies, as so embodied by the timeless contributions of Bode known as the Bode integral relations.",26,3.5,10.1016/J.ARCONTROL.2019.03.011,https://doi.org/10.1016/J.ARCONTROL.2019.03.011,0.7500
Bis21,"Sensitivity minimization, biological homeostasis and information theory",Debojyoti Biswas and P. Iglesias,2021,2021-01-21,Biological Cybernetics,115,103 - 113,"All organisms must be able to adapt to changes in the environment. To this end, they have developed sophisticated regulatory mechanisms to ensure homeostasis. Control engineers, who must design similar regulatory systems, have developed a number of general principles that govern feedback regulation. These lead to constraints which impose trade-offs that arise when developing controllers to minimize the effect of external disturbances on systems. Here, we review some of these trade-offs, particularly Bode’s integral formula. We also highlight its connection to information theory, by showing that the constraints in sensitivity minimization can be cast as limitations on the information transmission through a system, and these have their root in causality. Finally, we look at how these constraints arise in two biological systems: glycolytic oscillations and the energy cost of perfect adaptation in a bacterial chemotactic pathway.",6,1.1,10.1007/s00422-021-00860-2,https://doi.org/10.1007/s00422-021-00860-2,0.7400
Zha03,Information theoretic limit and bound of disturbance rejection in LTI systems: Shannon entropy and H/sub /spl infin// entropy,Hui Zhang and Youxian Sun,2003,2003-11-17,"SMC'03 Conference Proceedings. 2003 IEEE International Conference on Systems, Man and Cybernetics. Conference Theme - System Security and Assurance (Cat. No.03CH37483)",2,1378-1383 vol.2,,9,0.4,10.1109/ICSMC.2003.1244604,https://doi.org/10.1109/ICSMC.2003.1244604,0.7000
Wan19c,Sensitivity analysis of linear continuous-time feedback systems subject to control and measurement noise: An information-theoretic approach,"Neng Wan, Dapeng Li, and N. Hovakimyan",2019,2019-11-01,Syst. Control. Lett.,133,,"Abstract Sensitivity of linear continuous-time SISO feedback systems, subject to control and measurement noise, is analyzed by deriving the lower bounds of Bode-like integrals via an information-theoretic approach. Bode integrals of four different sensitivity-like functions are employed to gauge the performance limitations of feedback systems. When the signals of the control system are stationary Gaussian, these four different Bode-like integrals can be represented as the differences between mutual information rates. These mutual information rates and hence the corresponding Bode-like integrals are proven to be bounded below by the unstable poles and zeros of the plant model, if the signals of the control system are wide-sense stationary.",8,1.2,10.1016/j.sysconle.2019.104548,https://doi.org/10.1016/j.sysconle.2019.104548,0.7000
Vla20,Tracking Performance of Online Stochastic Learners,"Stefan Vlaski, Elsa Rizk, and A. H. Sayed",2020,2020-04-04,IEEE Signal Processing Letters,27,1385-1389,"The utilization of online stochastic algorithms is popular in large-scale learning settings due to their ability to compute updates on the fly, without the need to store and process data in large batches. When a constant step-size is used, these algorithms also have the ability to adapt to drifts in problem parameters, such as data or model properties, and track the optimal solution with reasonable accuracy. Building on analogies with the study of adaptive filters, we establish a link between steady-state performance derived under stationarity assumptions and the tracking performance of online learners under random walk models. The link allows us to infer the tracking performance from steady-state expressions directly and almost by inspection.",3,0.5,10.1109/LSP.2020.3013775,https://doi.org/10.1109/LSP.2020.3013775,0.7000
Kuh97,Comparison of tracking algorithms for single layer threshold networks in the presence of random drift,A. Kuh,1997,1997-03-01,IEEE Trans. Signal Process.,45,640-649,"This paper analyzes the behavior of a variety of tracking algorithms for single-layer threshold networks in the presence of random drift. We use a system identification model to model a target network where weights slowly change and a tracking network. Tracking algorithms are divided into conservative and nonconservative algorithms. For a random drift rate of /spl gamma/, we find upper bounds for the generalization error of conservative algorithms that are /spl Oscr/(/spl gamma//sup 2/3/) and for nonconservative algorithms that are /spl Oscr/(/spl gamma/). Bounds are found for the perceptron tracker and the least mean square (LMS) tracker. Simulations show the validity of these bounds and show that the bounds are tight when /spl gamma/ is small and the number of inputs n is large. These results show that the perceptron tracker and the LMS tracker can work well in slowly changing nonstationary environments.",10,0.3,10.1109/78.558480,https://doi.org/10.1109/78.558480,0.6500
Les10,Fundamental limits on the suppression of molecular fluctuations,"Ioannis Lestas, G. Vinnicombe, and J. Paulsson",2010,2010-09-09,Nature,467,174 - 178,"Negative feedback is common in biological processes and can increase a system’s stability to internal and external perturbations. But at the molecular level, control loops always involve signalling steps with finite rates for random births and deaths of individual molecules. Here we show, by developing mathematical tools that merge control and information theory with physical chemistry, that seemingly mild constraints on these rates place severe limits on the ability to suppress molecular fluctuations. Specifically, the minimum standard deviation in abundances decreases with the quartic root of the number of signalling events, making it extremely expensive to increase accuracy. Our results are formulated in terms of experimental observables, and existing data show that cells use brute force when noise suppression is essential; for example, regulatory genes are transcribed tens of thousands of times per cell cycle. The theory challenges conventional beliefs about biochemical accuracy and presents an approach to the rigorous analysis of poorly characterized biological systems.",475,30,10.1038/nature09333,https://doi.org/10.1038/nature09333,0.6500
Ish02,Limited Data Rate in Control Systems with Networks,H. Ishii and B. Francis,2002,2002-05-03,,,,,289,12,10.1007/3-540-45796-8,https://doi.org/10.1007/3-540-45796-8,0.6500
